City_ID,City,Country,Date,Lat,Lng,Max Temp,Humidity,Cloudiness,Wind Speed,Description
0,Jurm,AF,2022-04-02 20:35:26,36.8648,70.8342,48.96,72,99,1.23,overcast clouds
1,Narasannapeta,IN,2022-04-02 20:35:27,18.4167,84.05,78.57,90,6,9.22,clear sky
2,Klaksvik,FO,2022-04-02 20:35:27,62.2266,-6.589,43.72,86,100,19.57,overcast clouds
3,Constitucion,CL,2022-04-02 20:33:16,-35.3333,-72.4167,61.65,84,56,14.43,broken clouds
4,Tuatapere,NZ,2022-04-02 20:35:27,-46.1333,167.6833,51.98,85,36,2.46,scattered clouds
5,Bom Jesus,BR,2022-04-02 20:35:28,-9.0744,-44.3586,85.41,45,80,3.6,broken clouds
6,Barrow,US,2022-04-02 20:35:02,71.2906,-156.7887,-7.58,84,0,10.36,haze
7,Pangnirtung,CA,2022-04-02 20:35:28,66.1451,-65.7125,22.01,96,91,2.91,overcast clouds
8,Yellowknife,CA,2022-04-02 20:35:28,62.456,-114.3525,3.72,46,20,2.3,few clouds
9,Siderno,IT,2022-04-02 20:35:29,38.2779,16.302,46.33,74,9,11.16,clear sky
10,Gao,ML,2022-04-02 20:33:33,16.6362,1.637,87.21,4,4,6.98,clear sky
11,Camacha,PT,2022-04-02 20:35:29,33.0833,-16.3333,58.42,77,40,12.66,scattered clouds
12,Ha Tinh,VN,2022-04-02 20:32:08,18.3333,105.9,62.08,73,100,10.29,overcast clouds
13,Hithadhoo,MV,2022-04-02 20:35:29,-0.6,73.0833,82.85,70,12,6.17,few clouds
14,Ushuaia,AR,2022-04-02 20:35:30,-54.8,-68.3,40.66,93,100,4.61,light intensity drizzle
15,Punta Arenas,CL,2022-04-02 20:33:56,-53.15,-70.9167,44.71,81,40,10.36,scattered clouds
16,Dhone,IN,2022-04-02 20:35:30,15.4167,77.8833,81.59,40,6,8.88,clear sky
17,Killybegs,IE,2022-04-02 20:35:30,54.6333,-8.45,41.52,77,9,7.31,clear sky
18,Port Elizabeth,ZA,2022-04-02 20:32:11,-33.918,25.5701,63.32,91,100,4.0,overcast clouds
19,Tecoanapa,MX,2022-04-02 20:35:31,16.5167,-98.75,85.42,44,97,11.86,overcast clouds
20,Castro,BR,2022-04-02 20:35:31,-24.7911,-50.0119,60.51,95,100,5.46,overcast clouds
21,Rikitea,PF,2022-04-02 20:35:31,-23.1203,-134.9692,74.39,55,17,5.64,few clouds
22,Kodiak,US,2022-04-02 20:35:31,57.79,-152.4072,36.91,93,20,5.75,moderate rain
23,Cape Town,ZA,2022-04-02 20:32:00,-33.9258,18.4232,65.26,72,0,13.8,clear sky
24,Tiksi,RU,2022-04-02 20:35:32,71.6872,128.8694,-7.35,100,100,4.92,overcast clouds
25,Mahebourg,MU,2022-04-02 20:35:32,-20.4081,57.7,75.49,94,75,11.5,light rain
26,Road Town,VG,2022-04-02 20:35:32,18.4167,-64.6167,80.64,74,40,11.5,scattered clouds
27,Port Alfred,ZA,2022-04-02 20:35:33,-33.5906,26.891,64.18,91,100,1.01,overcast clouds
28,Busselton,AU,2022-04-02 20:35:33,-33.65,115.3333,68.95,88,93,10.11,overcast clouds
29,Puerto Ayora,EC,2022-04-02 20:35:33,-0.7393,-90.3518,85.96,87,47,5.01,scattered clouds
30,Bilibino,RU,2022-04-02 20:35:33,68.0546,166.4372,5.68,83,99,1.23,overcast clouds
31,Pinawa,CA,2022-04-02 20:35:34,50.1489,-95.8811,31.48,77,100,9.6,overcast clouds
32,Airai,TL,2022-04-02 20:35:34,-8.9266,125.4092,56.43,69,46,1.74,scattered clouds
33,Bambous Virieux,MU,2022-04-02 20:35:34,-20.3428,57.7575,75.45,94,75,11.5,moderate rain
34,Mehamn,NO,2022-04-02 20:35:35,71.0357,27.8492,27.5,87,100,21.79,light snow
35,Opuwo,NA,2022-04-02 20:35:35,-18.0607,13.84,68.0,87,73,4.88,light rain
36,Adrar,MR,2022-04-02 20:35:35,20.5022,-10.0711,82.54,12,18,9.89,few clouds
37,Kieta,PG,2022-04-02 20:35:36,-6.2167,155.6333,79.43,81,98,4.54,light rain
38,Bowen,AU,2022-04-02 20:35:19,-20.0167,148.2333,79.59,71,99,9.44,overcast clouds
39,Isangel,VU,2022-04-02 20:35:36,-19.55,169.2667,81.72,83,100,7.54,overcast clouds
40,Itoman,JP,2022-04-02 20:35:36,26.1247,127.6694,64.42,79,100,8.05,light rain
41,Lorengau,PG,2022-04-02 20:35:36,-2.0226,147.2712,78.98,84,100,5.41,moderate rain
42,Alofi,NU,2022-04-02 20:35:37,-19.0595,-169.9187,82.29,83,75,9.22,broken clouds
43,Tasiilaq,GL,2022-04-02 20:35:37,65.6145,-37.6368,30.36,94,100,22.55,snow
44,Abu Kamal,SY,2022-04-02 20:35:37,34.4506,40.9171,73.44,19,0,8.66,clear sky
45,Ribeira Grande,PT,2022-04-02 20:35:38,38.5167,-28.7,61.2,67,40,13.8,scattered clouds
46,Jamestown,US,2022-04-02 20:33:24,42.097,-79.2353,48.52,40,0,5.99,clear sky
47,Teguldet,RU,2022-04-02 20:36:38,57.3064,88.1667,10.42,97,83,0.45,broken clouds
48,Provideniya,RU,2022-04-02 20:36:38,64.3833,-173.3,16.45,59,0,9.35,clear sky
49,Nikolskoye,RU,2022-04-02 20:36:38,59.7035,30.7861,28.8,95,8,3.47,clear sky
50,Arraial Do Cabo,BR,2022-04-02 20:36:39,-22.9661,-42.0278,76.96,88,75,10.36,broken clouds
51,Qaanaaq,GL,2022-04-02 20:36:39,77.484,-69.3632,12.52,81,87,4.56,overcast clouds
52,Mataura,NZ,2022-04-02 20:36:39,-46.1927,168.8643,51.82,87,67,2.91,broken clouds
53,Sovetskiy,RU,2022-04-02 20:36:40,61.3614,63.5842,7.03,97,93,2.33,overcast clouds
54,Matsubase,JP,2022-04-02 20:36:40,32.65,130.6667,46.42,66,100,3.94,overcast clouds
55,Poplar Bluff,US,2022-04-02 20:36:40,36.757,-90.3929,70.34,47,75,14.0,broken clouds
56,Burnie,AU,2022-04-02 20:36:41,-41.0667,145.9167,55.92,62,56,7.11,broken clouds
57,Tilichiki,RU,2022-04-02 20:33:11,60.4667,166.1,17.15,91,100,9.75,overcast clouds
58,Ola,RU,2022-04-02 20:36:41,59.5833,151.2833,14.63,77,100,5.26,overcast clouds
59,Butaritari,KI,2022-04-02 20:36:41,3.0707,172.7902,81.52,77,86,16.8,overcast clouds
60,Marzuq,YE,2022-04-02 20:36:42,14.4,46.4667,69.98,33,2,5.77,clear sky
61,Lebu,CL,2022-04-02 20:36:42,-37.6167,-73.65,58.69,96,100,10.56,overcast clouds
62,Aklavik,CA,2022-04-02 20:36:42,68.2191,-135.0107,-7.6,59,0,3.44,clear sky
63,Saint-Joseph,RE,2022-04-02 20:36:42,-21.3667,55.6167,75.58,97,100,16.35,very heavy rain
64,Bluff,NZ,2022-04-02 20:36:43,-46.6,168.3333,57.31,73,90,19.8,overcast clouds
65,Humaita,BR,2022-04-02 20:36:43,-7.5061,-63.0208,70.99,98,100,1.86,overcast clouds
66,San Juan De Uraba,CO,2022-04-02 20:36:43,8.7592,-76.5297,83.01,73,45,7.76,scattered clouds
67,Bathsheba,BB,2022-04-02 20:36:44,13.2167,-59.5167,83.01,61,75,26.46,broken clouds
68,East London,ZA,2022-04-02 20:36:42,-33.0153,27.9116,66.49,86,100,10.45,light rain
69,New Norfolk,AU,2022-04-02 20:36:44,-42.7826,147.0587,54.9,69,93,0.96,overcast clouds
70,Itarema,BR,2022-04-02 20:36:44,-2.9248,-39.9167,76.73,87,77,12.26,broken clouds
71,Leshukonskoye,RU,2022-04-02 20:36:45,64.8989,45.7622,15.85,92,76,3.71,broken clouds
72,Bitung,ID,2022-04-02 20:36:45,1.4451,125.1824,74.25,76,98,2.66,overcast clouds
73,Khatanga,RU,2022-04-02 20:36:45,71.9667,102.5,-1.62,98,100,7.16,overcast clouds
74,Chokurdakh,RU,2022-04-02 20:36:45,70.6333,147.9167,-1.26,94,100,4.59,overcast clouds
75,Caravelas,BR,2022-04-02 20:36:46,-17.7125,-39.2481,77.95,78,0,5.68,clear sky
76,Nizwa,OM,2022-04-02 20:36:46,22.9333,57.5333,77.47,26,24,3.96,few clouds
77,Cidreira,BR,2022-04-02 20:36:46,-30.1811,-50.2056,70.23,75,3,16.55,clear sky
78,Nouadhibou,MR,2022-04-02 20:36:46,20.931,-17.0347,63.68,86,38,19.3,scattered clouds
79,Hilo,US,2022-04-02 20:36:47,19.7297,-155.09,76.24,91,100,9.22,overcast clouds
80,Ilulissat,GL,2022-04-02 20:36:47,69.2167,-51.1,33.82,60,20,3.44,few clouds
81,Carnarvon,AU,2022-04-02 20:36:47,-24.8667,113.6333,75.27,88,11,5.75,few clouds
82,Nioro,GM,2022-04-02 20:36:48,13.35,-15.75,79.72,39,6,11.65,clear sky
83,Cockburn Town,TC,2022-04-02 20:34:39,21.4612,-71.1419,82.36,57,40,17.27,scattered clouds
84,Ostrovnoy,RU,2022-04-02 20:36:48,68.0531,39.5131,15.94,92,83,14.58,broken clouds
85,Hobart,AU,2022-04-02 20:33:28,-42.8794,147.3294,55.26,84,100,8.05,overcast clouds
86,Tabou,CI,2022-04-02 20:36:48,4.423,-7.3528,79.27,87,100,8.93,light rain
87,Port Hardy,CA,2022-04-02 20:36:49,50.6996,-127.4199,44.78,87,100,5.75,light rain
88,Liverpool,GB,2022-04-02 20:32:36,53.4106,-2.9779,43.09,69,40,9.22,scattered clouds
89,Geraldton,AU,2022-04-02 20:36:49,-28.7667,114.6,73.81,94,100,6.91,overcast clouds
90,Guerrero Negro,MX,2022-04-02 20:36:49,27.9769,-114.0611,67.33,52,68,13.98,broken clouds
91,Thompson,CA,2022-04-02 20:36:49,55.7435,-97.8558,28.56,43,75,4.61,broken clouds
92,Klyuchi,RU,2022-04-02 20:37:50,52.2667,79.1667,34.99,90,70,8.21,broken clouds
93,Havre-Saint-Pierre,CA,2022-04-02 20:37:50,50.2334,-63.5986,41.0,87,100,18.41,overcast clouds
94,Sorong,ID,2022-04-02 20:37:50,-0.8833,131.25,79.16,83,100,5.86,overcast clouds
95,Zeya,RU,2022-04-02 20:37:51,53.75,127.2667,22.28,97,100,3.31,overcast clouds
96,Narsaq,GL,2022-04-02 20:37:51,60.9167,-46.05,41.22,93,100,1.1,overcast clouds
97,Esperance,AU,2022-04-02 20:37:51,-33.8667,121.9,64.24,53,13,12.93,few clouds
98,Bredasdorp,ZA,2022-04-02 20:33:18,-34.5322,20.0403,61.84,78,76,13.47,light rain
99,Hambantota,LK,2022-04-02 20:37:51,6.1241,81.1185,78.37,83,23,5.08,few clouds
100,Nha Trang,VN,2022-04-02 20:37:52,12.25,109.1833,78.8,82,100,10.8,overcast clouds
101,Moose Factory,CA,2022-04-02 20:37:52,51.2585,-80.6094,39.2,52,0,8.05,clear sky
102,Noyabrsk,RU,2022-04-02 20:37:52,63.1994,75.4507,4.19,99,56,7.34,broken clouds
103,Terrace,CA,2022-04-02 20:37:53,54.5163,-128.6035,40.91,87,100,8.05,light intensity shower rain
104,Golden,US,2022-04-02 20:37:53,39.7555,-105.2211,67.98,28,40,9.22,scattered clouds
105,Alberton,CA,2022-04-02 20:37:53,46.8168,-64.0654,33.93,76,100,26.96,overcast clouds
106,Vaini,TO,2022-04-02 20:37:54,-21.2,-175.2,78.96,94,75,0.0,broken clouds
107,Sao Jose De Piranhas,BR,2022-04-02 20:37:54,-7.1206,-38.5019,76.14,77,63,3.22,broken clouds
108,Atuona,PF,2022-04-02 20:37:54,-9.8,-139.0333,79.36,76,4,15.12,clear sky
109,Livingston,GB,2022-04-02 20:37:55,55.9029,-3.5226,40.86,77,0,2.3,clear sky
110,Port Blair,IN,2022-04-02 20:37:55,11.6667,92.75,80.64,83,40,2.3,mist
111,Neyshabur,IR,2022-04-02 20:37:55,36.2133,58.7958,60.44,19,1,0.58,clear sky
112,Norman Wells,CA,2022-04-02 20:37:56,65.282,-126.8329,-3.96,50,20,6.91,few clouds
113,Atasu,KZ,2022-04-02 20:37:56,48.6814,71.6433,25.93,79,9,4.05,clear sky
114,Blackwater,AU,2022-04-02 20:37:56,-23.5833,148.8833,70.36,80,6,7.0,clear sky
115,Veraval,IN,2022-04-02 20:37:57,20.9,70.3667,76.5,81,0,11.14,clear sky
116,Kavaratti,IN,2022-04-02 20:37:57,10.5669,72.642,82.15,73,10,3.27,clear sky
117,Longyearbyen,SJ,2022-04-02 20:37:57,78.2186,15.6401,1.24,71,20,9.22,few clouds
118,San Jose,US,2022-04-02 20:33:50,37.3394,-121.895,78.49,44,40,8.01,scattered clouds
119,Hailar,CN,2022-04-02 20:37:58,49.2,119.7,23.83,63,3,7.29,clear sky
120,Antalaha,MG,2022-04-02 20:37:58,-14.9003,50.2788,73.67,87,16,5.61,few clouds
121,Kansanshi,ZM,2022-04-02 20:37:58,-12.0951,26.4273,60.91,96,23,2.37,light rain
122,Tadine,NC,2022-04-02 20:37:59,-21.55,167.8833,80.35,86,100,17.29,overcast clouds
123,Nizhneangarsk,RU,2022-04-02 20:37:59,55.7833,109.55,23.36,83,95,7.43,overcast clouds
124,Talavera De La Reina,ES,2022-04-02 20:37:59,39.9635,-4.8308,40.21,49,28,8.63,scattered clouds
125,Oelde,DE,2022-04-02 20:37:59,51.8167,8.15,36.39,89,89,6.26,overcast clouds
126,Paka,MY,2022-04-02 20:38:00,4.6374,103.4368,76.98,94,99,2.3,overcast clouds
127,Half Moon Bay,US,2022-04-02 20:36:55,37.4636,-122.4286,78.55,59,40,3.44,scattered clouds
128,Bollnas,SE,2022-04-02 20:35:34,61.3482,16.3946,30.24,87,77,5.26,broken clouds
129,Bud,US,2022-04-02 20:38:00,39.447,-86.1758,56.89,47,60,16.87,broken clouds
130,Varzea Da Palma,BR,2022-04-02 20:38:00,-17.5981,-44.7308,82.96,40,71,2.62,broken clouds
131,Hermanus,ZA,2022-04-02 20:38:01,-34.4187,19.2345,62.8,80,93,16.73,overcast clouds
132,Clyde River,CA,2022-04-02 20:38:01,70.4692,-68.5914,14.23,85,100,9.22,fog
133,Rocha,UY,2022-04-02 20:38:02,-34.4833,-54.3333,65.23,65,4,10.45,clear sky
134,Riyadh,SA,2022-04-02 20:34:33,24.6877,46.7219,77.14,13,59,1.74,broken clouds
135,Cabo San Lucas,MX,2022-04-02 20:39:02,22.8909,-109.9124,80.62,60,20,19.57,few clouds
136,Kavieng,PG,2022-04-02 20:39:02,-2.5744,150.7967,77.22,90,100,7.0,moderate rain
137,Mount Isa,AU,2022-04-02 20:39:03,-20.7333,139.5,74.97,25,2,10.36,light rain
138,Yarkovo,RU,2022-04-02 20:39:03,57.4028,67.0786,28.74,96,100,8.14,light snow
139,Thinadhoo,MV,2022-04-02 20:39:03,0.5333,72.9333,82.63,70,9,4.7,clear sky
140,Udachnyy,RU,2022-04-02 20:39:04,66.4167,112.4,12.45,100,100,4.54,overcast clouds
141,Pedasi,PA,2022-04-02 20:39:04,7.5333,-80.0333,83.14,69,86,10.13,overcast clouds
142,Gualaquiza,EC,2022-04-02 20:39:04,-3.4,-78.55,68.16,95,98,2.51,light rain
143,Cayenne,GF,2022-04-02 20:35:13,4.9333,-52.3333,80.1,1,75,1.01,light rain
144,Saint-Philippe,RE,2022-04-02 20:39:05,-21.3585,55.7679,76.59,98,100,21.12,very heavy rain
145,Isabela,PH,2022-04-02 20:39:05,6.7085,121.9711,73.65,93,100,4.59,overcast clouds
146,Ruwi,OM,2022-04-02 20:39:06,23.5996,58.5507,82.09,35,44,4.23,scattered clouds
147,Albany,US,2022-04-02 20:34:59,42.6001,-73.9662,51.46,36,40,3.0,scattered clouds
148,Saskylakh,RU,2022-04-02 20:39:06,71.9167,114.0833,0.61,97,98,8.86,overcast clouds
149,Tamiahua,MX,2022-04-02 20:39:06,21.2667,-97.45,81.48,67,20,11.52,few clouds
150,Muzhi,RU,2022-04-02 20:39:07,65.3667,64.6667,3.67,89,26,6.62,scattered clouds
151,Sur,OM,2022-04-02 20:39:07,22.5667,59.5289,82.56,38,59,9.44,broken clouds
152,Palu,ID,2022-04-02 20:39:08,-0.8917,119.8707,74.5,91,100,2.37,overcast clouds
153,Chuy,UY,2022-04-02 20:39:08,-33.6971,-53.4616,65.53,63,3,11.18,clear sky
154,La Libertad,EC,2022-04-02 20:39:08,-2.2333,-80.9,80.26,74,0,9.22,clear sky
155,Hvolsvollur,IS,2022-04-02 20:39:09,63.7533,-20.2243,43.43,90,100,8.25,heavy intensity rain
156,Muli,MV,2022-04-02 20:39:09,2.9167,73.5667,82.4,69,21,3.06,few clouds
157,Rawson,AR,2022-04-02 20:39:10,-43.3002,-65.1023,79.5,24,19,15.61,few clouds
158,Kaitangata,NZ,2022-04-02 20:39:10,-46.2817,169.8464,54.41,78,27,8.05,scattered clouds
159,Vestmannaeyjar,IS,2022-04-02 20:39:10,63.4427,-20.2734,45.27,97,100,16.89,heavy intensity rain
160,Arawa,PG,2022-04-02 20:39:11,-6.2132,155.5367,78.01,86,100,1.79,overcast clouds
161,Luba,GQ,2022-04-02 20:39:11,3.4568,8.5547,80.94,81,25,7.81,scattered clouds
162,Henties Bay,NA,2022-04-02 20:39:11,-22.116,14.2845,60.62,87,0,9.8,clear sky
163,Saint-Francois,FR,2022-04-02 20:39:12,46.4154,3.9054,33.67,80,0,10.36,clear sky
164,Metro,ID,2022-04-02 20:39:12,-5.1131,105.3067,74.1,93,85,3.13,overcast clouds
165,Waipawa,NZ,2022-04-02 20:39:12,-41.4122,175.5153,58.14,86,35,0.81,scattered clouds
166,Mar Del Plata,AR,2022-04-02 20:35:15,-38.0023,-57.5575,69.82,64,0,20.0,clear sky
167,Tazovskiy,RU,2022-04-02 20:39:13,67.4667,78.7,-3.55,100,92,6.4,overcast clouds
168,Mapiri,BO,2022-04-02 20:39:13,-15.25,-68.1667,74.84,78,75,2.62,broken clouds
169,Vallenar,CL,2022-04-02 20:39:14,-28.5708,-70.7581,77.58,30,0,8.32,clear sky
170,Pisco,PE,2022-04-02 20:39:14,-13.7,-76.2167,73.45,68,0,23.02,clear sky
171,Otavi,NA,2022-04-02 20:39:14,-19.65,17.3333,66.0,86,100,1.34,overcast clouds
172,Saint-Dizier,FR,2022-04-02 20:39:15,48.4167,5.0833,31.6,98,100,7.81,light snow
173,Tuktoyaktuk,CA,2022-04-02 20:39:15,69.4541,-133.0374,-14.8,70,40,10.36,scattered clouds
174,Palmer,US,2022-04-02 20:39:15,42.1584,-72.3287,53.78,27,40,11.5,scattered clouds
175,Pangai,TO,2022-04-02 20:39:16,-19.8,-174.35,80.67,76,5,10.49,clear sky
176,Tarakan,ID,2022-04-02 20:39:16,3.3,117.6333,76.68,84,100,7.9,overcast clouds
177,Sorland,NO,2022-04-02 20:39:17,67.667,12.6934,34.0,54,100,23.49,overcast clouds
178,Ordu,TR,2022-04-02 20:39:17,40.9086,37.6845,43.3,58,100,5.53,overcast clouds
179,Dalbandin,PK,2022-04-02 20:40:17,28.8947,64.4101,72.12,12,0,7.2,clear sky
180,Victoria,HK,2022-04-02 20:40:18,22.2855,114.1577,62.26,66,96,3.0,overcast clouds
181,Dakar,SN,2022-04-02 20:40:18,14.6937,-17.4441,70.68,94,0,11.5,clear sky
182,Richards Bay,ZA,2022-04-02 20:40:18,-28.783,32.0377,71.87,95,92,3.09,moderate rain
183,Kununurra,AU,2022-04-02 20:40:19,-15.7667,128.7333,67.98,88,26,0.0,scattered clouds
184,Vihti,FI,2022-04-02 20:40:19,60.417,24.3197,29.86,58,10,7.0,clear sky
185,Georgetown,MY,2022-04-02 20:35:35,5.4112,100.3354,76.95,94,20,3.44,few clouds
186,Kapaa,US,2022-04-02 20:40:20,22.0752,-159.319,77.18,83,100,18.41,moderate rain
187,Elizabeth City,US,2022-04-02 20:40:20,36.2946,-76.2511,60.03,54,0,11.5,clear sky
188,Husavik,IS,2022-04-02 20:40:20,66.0449,-17.3389,36.14,92,100,4.54,light rain
189,Banepa,NP,2022-04-02 20:40:21,27.6298,85.5214,64.72,88,75,3.44,mist
190,Lagoa,PT,2022-04-02 20:40:21,39.05,-27.9833,59.13,70,38,14.9,scattered clouds
191,Alyangula,AU,2022-04-02 20:40:22,-13.8483,136.4192,69.67,94,86,0.0,overcast clouds
192,Padang,ID,2022-04-02 20:40:22,-0.9492,100.3543,76.24,83,33,3.83,scattered clouds
193,Kahului,US,2022-04-02 20:40:23,20.8947,-156.47,80.62,69,40,26.46,scattered clouds
194,Iqaluit,CA,2022-04-02 20:37:40,63.7506,-68.5145,26.33,86,100,3.44,overcast clouds
195,Raudeberg,NO,2022-04-02 20:40:23,61.9875,5.1352,36.27,93,100,6.87,overcast clouds
196,Bondoukou,CI,2022-04-02 20:40:24,8.0333,-2.8,79.9,68,98,6.42,overcast clouds
197,Sao Joao Da Barra,BR,2022-04-02 20:40:24,-21.6403,-41.0511,82.49,83,16,7.05,few clouds
198,Lao Cai,VN,2022-04-02 20:40:24,22.4833,103.95,55.27,80,1,1.95,clear sky
199,Dikson,RU,2022-04-02 20:40:24,73.5069,80.5464,-7.98,100,85,7.63,overcast clouds
200,Kyren,RU,2022-04-02 20:40:25,51.6828,102.1408,32.32,67,100,4.14,overcast clouds
201,Bilma,NE,2022-04-02 20:40:25,18.6853,12.9164,85.44,5,99,6.55,overcast clouds
202,Honningsvag,NO,2022-04-02 20:40:25,70.9821,25.9704,28.15,93,100,14.97,overcast clouds
203,Yeppoon,AU,2022-04-02 20:39:10,-23.1333,150.7333,69.58,71,28,12.3,scattered clouds
204,Kerman,IR,2022-04-02 20:40:26,30.2832,57.0788,62.46,20,0,6.91,clear sky
205,Faanui,PF,2022-04-02 20:40:26,-16.4833,-151.75,81.9,75,69,9.64,broken clouds
206,Matagami,CA,2022-04-02 20:40:26,49.7502,-77.6328,41.11,38,40,10.36,scattered clouds
207,Pevek,RU,2022-04-02 20:40:27,69.7008,170.3133,-6.32,95,99,2.3,overcast clouds
208,Yazoo City,US,2022-04-02 20:40:27,32.8551,-90.4056,73.71,44,5,7.02,clear sky
209,Amahai,ID,2022-04-02 20:40:27,-3.3333,128.9167,77.32,85,100,2.42,overcast clouds
210,Morant Bay,JM,2022-04-02 20:40:28,17.8815,-76.4093,88.72,74,31,11.5,scattered clouds
211,Mahajanga,MG,2022-04-02 20:40:28,-15.7167,46.3167,75.22,94,20,2.3,few clouds
212,Inuvik,CA,2022-04-02 20:40:28,68.3499,-133.7218,-8.54,64,20,8.05,few clouds
213,Namibe,AO,2022-04-02 20:40:29,-15.1961,12.1522,71.22,83,100,3.53,overcast clouds
214,Caluquembe,AO,2022-04-02 20:40:29,-13.7833,14.6833,62.08,96,100,1.92,moderate rain
215,Karratha,AU,2022-04-02 20:40:29,-20.7377,116.8463,80.24,80,0,6.73,clear sky
216,Avarua,CK,2022-04-02 20:40:29,-21.2078,-159.775,82.45,74,75,5.75,broken clouds
217,Port Moresby,PG,2022-04-02 20:40:30,-9.4431,147.1797,72.82,100,20,3.44,light rain
218,Palasa,IN,2022-04-02 20:40:30,18.7667,84.4167,76.98,92,4,9.71,clear sky
219,Keti Bandar,PK,2022-04-02 20:40:30,24.1447,67.4497,78.19,69,0,12.57,clear sky
220,Nanga Eboko,CM,2022-04-02 20:40:31,4.6833,12.3667,79.21,58,100,6.98,overcast clouds
221,Cabinda,AO,2022-04-02 20:40:31,-5.55,12.2,77.86,92,100,5.99,light rain
222,Hobyo,SO,2022-04-02 20:40:31,5.3505,48.5268,81.45,73,42,10.78,scattered clouds
223,Upernavik,GL,2022-04-02 20:40:32,72.7868,-56.1549,12.61,95,92,12.5,overcast clouds
224,La Rioja,ES,2022-04-02 20:40:32,42.25,-2.5,31.78,98,91,3.83,overcast clouds
225,Roma,US,2022-04-02 20:39:34,43.2128,-75.4557,47.52,39,0,11.5,clear sky
226,Maceio,BR,2022-04-02 20:41:32,-9.6658,-35.7353,83.64,65,0,11.5,clear sky
227,Egvekinot,RU,2022-04-02 20:41:33,66.3167,-179.1667,-6.09,86,20,14.54,few clouds
228,Saldanha,ZA,2022-04-02 20:41:33,-33.0117,17.9442,66.25,73,0,14.94,clear sky
229,Miles City,US,2022-04-02 20:41:33,46.4083,-105.8406,58.17,23,0,4.61,clear sky
230,Natal,BR,2022-04-02 20:39:48,-5.795,-35.2094,84.42,74,20,13.8,few clouds
231,Maniitsoq,GL,2022-04-02 20:41:34,65.4167,-52.9,31.28,87,100,5.41,overcast clouds
232,Taltal,CL,2022-04-02 20:40:20,-25.4,-70.4833,66.27,67,23,3.67,few clouds
233,Ikalamavony,MG,2022-04-02 20:41:34,-21.15,46.5833,61.25,75,0,5.01,clear sky
234,Ulagan,RU,2022-04-02 20:41:34,50.6321,87.9563,24.82,91,82,3.24,broken clouds
235,Vila Velha,BR,2022-04-02 20:41:35,-20.3297,-40.2925,84.15,80,20,12.66,few clouds
236,Kamina,CD,2022-04-02 20:41:35,-8.7386,24.9906,65.28,93,89,2.35,overcast clouds
237,Port Hedland,AU,2022-04-02 20:41:35,-20.3167,118.5667,80.65,78,55,9.22,broken clouds
238,Bethel,US,2022-04-02 20:41:36,41.3712,-73.414,55.02,38,0,8.05,clear sky
239,Jeremie,HT,2022-04-02 20:41:36,18.65,-74.1167,80.37,73,45,4.12,scattered clouds
240,Delvada,IN,2022-04-02 20:41:36,20.7667,71.0333,75.25,77,0,10.89,clear sky
241,Rexburg,US,2022-04-02 20:41:36,43.826,-111.7897,60.31,24,20,21.85,few clouds
242,Berlevag,NO,2022-04-02 20:41:37,70.8578,29.0864,21.0,89,100,19.19,light snow
243,Kuala Terengganu,MY,2022-04-02 20:41:37,5.3302,103.1408,78.75,89,67,0.0,broken clouds
244,Poum,NC,2022-04-02 20:41:37,-20.2333,164.0167,81.61,81,100,5.93,overcast clouds
245,Codajas,BR,2022-04-02 20:41:38,-3.8367,-62.0569,75.4,92,100,3.22,overcast clouds
246,Okahandja,NA,2022-04-02 20:41:38,-21.9833,16.9167,70.74,42,79,6.04,broken clouds
247,Port-Gentil,GA,2022-04-02 20:41:38,-0.7193,8.7815,80.04,76,92,4.68,overcast clouds
248,Segezha,RU,2022-04-02 20:41:39,63.7415,34.3222,15.6,94,100,5.3,overcast clouds
249,Pirojpur,BD,2022-04-02 20:41:39,22.5667,89.9833,76.55,93,51,5.1,broken clouds
250,Talnakh,RU,2022-04-02 20:41:39,69.4865,88.3972,4.21,97,100,5.1,overcast clouds
251,Broken Hill,AU,2022-04-02 20:41:39,-31.95,141.4333,49.71,66,15,0.0,few clouds
252,La Tuque,CA,2022-04-02 20:41:40,47.4334,-72.7824,39.45,33,77,11.5,broken clouds
253,Noumea,NC,2022-04-02 20:38:37,-22.2763,166.4572,82.0,99,74,12.15,broken clouds
254,Verkhniy Ufaley,RU,2022-04-02 20:41:40,56.0567,60.2306,33.67,100,100,2.8,light snow
255,Turukhansk,RU,2022-04-02 20:41:40,65.8167,87.9833,-3.55,100,90,2.39,overcast clouds
256,Lavrentiya,RU,2022-04-02 20:38:35,65.5833,-171.0,9.32,73,1,13.31,clear sky
257,Ulladulla,AU,2022-04-02 20:41:41,-35.35,150.4667,59.9,77,35,12.28,scattered clouds
258,Bucerias,MX,2022-04-02 20:41:41,20.75,-105.3333,75.18,73,40,12.66,scattered clouds
259,Norrtalje,SE,2022-04-02 20:41:14,59.758,18.705,35.02,61,45,6.17,scattered clouds
260,Hualmay,PE,2022-04-02 20:41:41,-11.0964,-77.6139,73.22,74,76,10.65,broken clouds
261,Saurimo,AO,2022-04-02 20:41:41,-9.6608,20.3916,65.07,97,73,3.02,moderate rain
262,Kencong,ID,2022-04-02 20:41:42,-8.2833,113.3667,75.0,91,100,2.53,overcast clouds
263,Coihueco,CL,2022-04-02 20:41:42,-36.6167,-71.8333,72.34,53,75,10.36,moderate rain
264,Ginda,IN,2022-04-02 20:41:42,30.6945,78.4932,55.44,27,0,8.46,clear sky
265,Palpa,PE,2022-04-02 20:41:43,-14.5336,-75.1856,83.32,46,55,10.65,broken clouds
266,Solnechnyy,RU,2022-04-02 20:41:43,50.7214,136.6319,23.5,88,62,4.63,broken clouds
267,Darab,IR,2022-04-02 20:41:43,28.7519,54.5444,68.16,18,0,2.08,clear sky
268,Presidente Medici,BR,2022-04-02 20:41:44,-11.1753,-61.9014,79.43,83,87,1.72,overcast clouds
269,Humberto De Campos,BR,2022-04-02 20:41:44,-2.5983,-43.4611,78.22,86,51,7.36,broken clouds
270,Nanortalik,GL,2022-04-02 20:41:44,60.1432,-45.2371,36.52,95,100,9.75,overcast clouds
271,Tara,RU,2022-04-02 20:41:44,56.8944,74.371,28.15,97,100,8.79,snow
272,Catuday,PH,2022-04-02 20:41:45,16.2923,119.8062,77.95,75,100,10.74,overcast clouds
273,Lompoc,US,2022-04-02 20:42:45,34.6391,-120.4579,72.79,79,100,9.22,overcast clouds
274,Muros,ES,2022-04-02 20:42:45,42.7762,-9.0603,50.09,60,0,17.0,clear sky
275,Cherskiy,RU,2022-04-02 20:42:45,68.75,161.3,-7.6,96,88,0.43,overcast clouds
276,Bandarbeyla,SO,2022-04-02 20:42:46,9.4942,50.8122,78.66,81,68,4.18,broken clouds
277,Sretensk,RU,2022-04-02 20:42:46,52.2453,117.7093,33.76,75,100,5.06,overcast clouds
278,Acarau,BR,2022-04-02 20:42:46,-2.8856,-40.12,77.38,87,61,13.15,broken clouds
279,Ongwediva,NA,2022-04-02 20:42:47,-17.7833,15.7667,69.76,84,78,6.69,broken clouds
280,Pokrovsk,UA,2022-04-02 20:42:47,48.282,37.1758,53.06,73,99,20.58,overcast clouds
281,Ancud,CL,2022-04-02 20:42:47,-41.8697,-73.8203,49.23,64,50,15.73,light rain
282,Khuzhir,RU,2022-04-02 20:42:48,53.1939,107.3397,34.14,77,100,8.5,overcast clouds
283,Great Yarmouth,GB,2022-04-02 20:42:48,52.6083,1.7305,40.95,61,7,9.35,clear sky
284,Santa Maria,BR,2022-04-02 20:42:12,-29.6842,-53.8069,76.3,57,20,10.36,few clouds
285,Taoudenni,ML,2022-04-02 20:42:48,22.6783,-3.9836,86.31,8,0,6.93,clear sky
286,Marfino,RU,2022-04-02 20:42:48,55.7028,37.3822,31.95,86,75,17.9,snow
287,Leningradskiy,RU,2022-04-02 20:42:14,69.3833,178.4167,-6.16,97,100,10.49,overcast clouds
288,Worpswede,DE,2022-04-02 20:42:49,53.2167,8.9333,35.31,70,62,4.32,broken clouds
289,Mayskiy,RU,2022-04-02 20:42:49,47.6931,40.1025,53.01,70,0,17.6,clear sky
290,Shahr-E Babak,IR,2022-04-02 20:42:49,30.1165,55.1186,61.75,13,0,4.81,clear sky
291,Arroyo,ES,2022-04-02 20:42:50,41.6096,-4.7969,38.07,67,0,9.22,clear sky
292,Susanville,US,2022-04-02 20:42:50,40.4163,-120.653,63.66,28,27,5.99,scattered clouds
293,Chiredzi,ZW,2022-04-02 20:42:50,-21.05,31.6667,73.09,73,0,6.73,clear sky
294,Portobelo,PA,2022-04-02 20:42:50,9.55,-79.65,80.2,76,26,9.57,scattered clouds
295,Zhangjiakou,CN,2022-04-02 20:42:51,40.81,114.8794,41.49,33,100,0.98,overcast clouds
296,Hasaki,JP,2022-04-02 20:39:15,35.7333,140.8333,43.2,64,100,10.36,overcast clouds
297,Caraquet,CA,2022-04-02 20:42:51,47.7941,-64.9386,36.14,76,84,22.77,broken clouds
298,Krasnoshchekovo,RU,2022-04-02 20:42:51,51.6708,82.7289,35.64,85,100,5.3,overcast clouds
299,Meulaboh,ID,2022-04-02 20:42:51,4.1363,96.1285,77.47,85,97,1.61,overcast clouds
300,Athabasca,CA,2022-04-02 20:42:52,54.7169,-113.2854,45.01,43,100,8.01,overcast clouds
301,Lasa,IT,2022-04-02 20:42:52,46.6166,10.7002,32.88,94,97,6.93,overcast clouds
302,Mount Gambier,AU,2022-04-02 20:42:52,-37.8333,140.7667,53.51,94,100,6.91,overcast clouds
303,Mildura,AU,2022-04-02 20:42:53,-34.2,142.15,60.76,72,100,0.0,light rain
304,Ponta Do Sol,PT,2022-04-02 20:42:53,32.6667,-17.1,63.01,82,100,6.98,overcast clouds
305,Luderitz,NA,2022-04-02 20:42:53,-26.6481,15.1594,60.62,80,0,13.49,clear sky
306,Ko Samui,TH,2022-04-02 20:42:54,9.5357,99.9357,81.41,76,100,21.36,overcast clouds
307,Portland,US,2022-04-02 20:39:00,45.5234,-122.6762,58.95,56,40,4.61,scattered clouds
308,Cheremukhovo,RU,2022-04-02 20:42:54,60.3484,59.9851,15.3,98,100,2.93,overcast clouds
309,San Quintin,MX,2022-04-02 20:42:54,30.4833,-115.95,63.91,60,25,11.36,scattered clouds
310,Balabac,PH,2022-04-02 20:42:54,7.9868,117.0645,80.83,77,100,6.55,overcast clouds
311,Gazanjyk,TM,2022-04-02 20:42:55,39.2446,55.5154,70.68,23,0,7.65,clear sky
312,Primorsko-Akhtarsk,RU,2022-04-02 20:42:55,46.0497,38.1747,50.77,78,0,18.52,clear sky
313,Manokwari,ID,2022-04-02 20:42:55,-0.8667,134.0833,78.98,81,100,6.13,overcast clouds
314,Silver City,US,2022-04-02 20:42:56,32.7701,-108.2803,73.67,14,0,18.41,clear sky
315,Celestun,MX,2022-04-02 20:42:56,20.8667,-90.4,83.55,69,87,13.51,overcast clouds
316,Gat,IL,2022-04-02 20:38:01,31.61,34.7642,71.4,40,100,1.28,overcast clouds
317,Mercedes,AR,2022-04-02 20:42:56,-34.6515,-59.4307,70.65,37,0,12.39,clear sky
318,Kudahuvadhoo,MV,2022-04-02 20:42:57,2.6708,72.8944,82.26,69,44,1.1,scattered clouds
319,Elat,IL,2022-04-02 20:42:57,29.5581,34.9482,80.44,13,0,9.22,clear sky
320,Kiama,AU,2022-04-02 20:43:57,-34.6833,150.8667,64.38,76,87,8.99,overcast clouds
321,Gushikawa,JP,2022-04-02 20:43:58,26.3544,127.8686,63.63,89,75,5.75,broken clouds
322,Gravdal,NO,2022-04-02 20:43:58,68.1214,13.5031,32.05,60,100,23.35,light snow
323,Lovozero,RU,2022-04-02 20:43:58,68.005,35.0117,14.31,93,99,6.44,overcast clouds
324,Nishihara,JP,2022-04-02 20:43:59,26.1842,127.7558,63.68,84,100,8.05,overcast clouds
325,Sinegorye,RU,2022-04-02 20:43:59,62.0788,150.477,1.36,94,100,0.36,overcast clouds
326,Kon Tum,VN,2022-04-02 20:43:59,14.35,108.0,63.72,83,100,2.64,overcast clouds
327,Sisimiut,GL,2022-04-02 20:44:00,66.9395,-53.6735,29.07,90,100,3.71,overcast clouds
328,Lakatoro,VU,2022-04-02 20:44:00,-16.0999,167.4164,79.45,86,100,6.64,overcast clouds
329,Muroto,JP,2022-04-02 20:44:00,33.2833,134.15,53.01,58,100,10.6,overcast clouds
330,Kalininsk,RU,2022-04-02 20:44:01,51.5,44.4758,57.29,64,100,18.34,overcast clouds
331,Port Augusta,AU,2022-04-02 20:44:01,-32.5,137.7667,58.73,54,85,4.0,overcast clouds
332,Okha,RU,2022-04-02 20:44:01,53.5739,142.9478,14.88,94,57,5.39,broken clouds
333,Havelock,US,2022-04-02 20:44:02,34.8791,-76.9013,63.99,60,0,11.5,clear sky
334,Pietersburg,ZA,2022-04-02 20:44:02,-23.9045,29.4688,65.25,68,1,3.44,clear sky
335,Honiara,SB,2022-04-02 20:44:02,-9.4333,159.95,80.15,79,93,1.72,overcast clouds
336,Chapais,CA,2022-04-02 20:44:02,49.7834,-74.8492,35.38,88,100,7.02,overcast clouds
337,Saint George,US,2022-04-02 20:41:01,37.1041,-113.5841,81.63,19,0,7.0,clear sky
338,Raybag,IN,2022-04-02 20:44:03,16.4833,74.7833,75.4,63,20,8.84,few clouds
339,Coffs Harbour,AU,2022-04-02 20:44:03,-30.3,153.1333,62.13,94,84,4.61,broken clouds
340,Souillac,MU,2022-04-02 20:44:03,-20.5167,57.5167,75.58,94,75,11.5,light rain
341,San Cristobal,VE,2022-04-02 20:39:25,7.7669,-72.225,80.78,47,27,4.88,scattered clouds
342,Caraballeda,VE,2022-04-02 20:44:04,10.6112,-66.8522,87.87,74,20,2.3,few clouds
343,Santa Rosa,PH,2022-04-02 20:44:04,14.3122,121.1114,79.02,73,59,10.07,broken clouds
344,Zhigansk,RU,2022-04-02 20:44:04,66.7697,123.3711,-2.29,100,100,6.15,overcast clouds
345,Erenhot,CN,2022-04-02 20:42:24,43.6475,111.9767,41.05,30,3,16.75,clear sky
346,Kruisfontein,ZA,2022-04-02 20:44:05,-34.0033,24.7314,60.89,84,99,7.54,overcast clouds
347,Nome,US,2022-04-02 20:44:05,64.5011,-165.4064,20.16,42,0,8.05,clear sky
348,Lucapa,AO,2022-04-02 20:44:06,-8.4192,20.7447,66.6,99,100,2.44,overcast clouds
349,Mahon,ES,2022-04-02 20:44:06,39.8885,4.2658,43.36,70,0,5.75,clear sky
350,Chino Valley,US,2022-04-02 20:44:06,34.7575,-112.4538,74.68,21,0,8.99,clear sky
351,Sitka,US,2022-04-02 20:44:07,57.0531,-135.33,46.29,53,100,20.71,overcast clouds
352,Faya,SA,2022-04-02 20:44:07,18.3851,42.4509,64.51,20,0,5.48,clear sky
353,Tessalit,ML,2022-04-02 20:44:07,20.1986,1.0114,88.29,10,0,9.53,clear sky
354,Kempsey,AU,2022-04-02 20:44:07,-31.0833,152.8333,58.95,95,92,3.47,overcast clouds
355,Kaliua,TZ,2022-04-02 20:44:08,-5.0606,31.7936,67.86,79,62,2.53,broken clouds
356,Kirakira,SB,2022-04-02 20:44:08,-10.4544,161.9205,78.64,88,100,4.63,light rain
357,Evansville,US,2022-04-02 20:44:08,37.9748,-87.5558,59.02,50,40,13.8,scattered clouds
358,Shkoder,AL,2022-04-02 20:44:09,42.0683,19.5126,42.98,78,84,11.88,broken clouds
359,Rivadavia,AR,2022-04-02 20:44:09,-33.1905,-68.4608,76.23,17,0,12.37,clear sky
360,Methoni,GR,2022-04-02 20:44:09,36.8197,21.7049,53.46,85,55,9.46,broken clouds
361,Hrodna,BY,2022-04-02 20:39:50,53.6884,23.8258,30.45,70,100,11.68,overcast clouds
362,Buala,SB,2022-04-02 20:44:10,-8.145,159.5921,80.58,83,98,6.96,light rain
363,Touros,BR,2022-04-02 20:44:10,-5.1989,-35.4608,80.42,80,94,11.83,overcast clouds
364,Goderich,CA,2022-04-02 20:43:21,43.7501,-81.7165,39.9,60,100,5.75,overcast clouds
365,Port Arthur,CN,2022-04-02 20:45:10,38.8,121.2667,39.42,75,0,6.42,clear sky
366,Ternate,ID,2022-04-02 20:45:11,0.8,127.4,79.32,79,69,3.49,light rain
367,Codrington,AU,2022-04-02 20:45:11,-38.2667,141.9667,57.16,83,62,4.81,broken clouds
368,Champerico,GT,2022-04-02 20:45:12,14.3,-91.9167,93.74,60,2,14.79,clear sky
369,Sokoni,TZ,2022-04-02 20:45:12,-6.4333,39.55,82.26,76,9,11.27,clear sky
370,Ambilobe,MG,2022-04-02 20:45:13,-13.2,49.05,72.77,95,2,1.54,clear sky
371,Shieli,KZ,2022-04-02 20:45:13,44.1667,66.75,57.22,30,4,5.73,clear sky
372,Ca Mau,VN,2022-04-02 20:45:13,9.1769,105.15,77.77,85,100,8.61,heavy intensity rain
373,Rieti,IT,2022-04-02 20:45:14,42.4072,12.8592,39.72,99,100,3.78,overcast clouds
374,Te Anau,NZ,2022-04-02 20:45:14,-45.4167,167.7167,52.05,72,35,0.85,scattered clouds
375,Andenes,NO,2022-04-02 20:45:14,69.3143,16.1194,30.18,80,100,8.05,overcast clouds
376,Severo-Kurilsk,RU,2022-04-02 20:45:15,50.6789,156.125,28.08,65,100,28.43,overcast clouds
377,Khonsa,IN,2022-04-02 20:45:15,27.0167,95.5667,60.51,89,26,4.16,scattered clouds
378,Yulara,AU,2022-04-02 20:45:15,-25.2406,130.9889,55.24,47,0,3.44,clear sky
379,Cabatuan,PH,2022-04-02 20:45:16,10.8794,122.486,75.79,82,91,10.67,overcast clouds
380,Manaskent,RU,2022-04-02 20:42:20,42.7275,47.6785,43.97,93,3,4.47,clear sky
381,Zharkent,KZ,2022-04-02 20:45:16,44.1628,80.0,54.01,47,41,1.45,scattered clouds
382,Svetlyy,RU,2022-04-02 20:45:17,54.675,20.1347,35.65,60,15,11.95,few clouds
383,Ouegoa,NC,2022-04-02 20:45:17,-20.35,164.4333,81.75,84,100,11.68,overcast clouds
384,Amapa,BR,2022-04-02 20:45:17,1.0,-52.0,74.53,97,100,4.14,heavy intensity rain
385,Avera,US,2022-04-02 20:41:32,33.194,-82.5271,70.38,40,100,2.53,overcast clouds
386,Broome,US,2022-04-02 20:45:18,42.2506,-75.833,50.02,47,0,7.0,clear sky
387,Skjervoy,NO,2022-04-02 20:45:18,70.0311,20.9714,30.2,64,49,5.91,light snow
388,Argelia,CO,2022-04-02 20:45:18,2.2556,-77.2488,74.08,86,33,1.21,moderate rain
389,Sao Filipe,CV,2022-04-02 20:41:04,14.8961,-24.4956,71.44,80,31,5.55,scattered clouds
390,Srednekolymsk,RU,2022-04-02 20:45:19,67.45,153.6833,-9.94,97,83,3.71,broken clouds
391,Domoni,KM,2022-04-02 20:45:19,-12.2569,44.5319,78.85,82,19,0.89,few clouds
392,Shingu,JP,2022-04-02 20:45:20,33.7333,135.9833,50.18,90,100,11.3,moderate rain
393,Pochutla,MX,2022-04-02 20:45:20,15.7432,-96.4661,91.81,30,5,9.01,clear sky
394,Vardo,NO,2022-04-02 20:45:21,70.3705,31.1107,27.25,69,100,6.71,overcast clouds
395,Robertson,US,2022-04-02 20:41:54,36.5167,-86.8667,61.39,45,100,11.5,overcast clouds
396,Chippewa Falls,US,2022-04-02 20:45:21,44.9369,-91.3929,50.18,77,100,6.91,overcast clouds
397,Uribia,CO,2022-04-02 20:45:21,11.7139,-72.266,91.63,44,69,18.79,broken clouds
398,Eyl,SO,2022-04-02 20:45:22,7.9803,49.8164,78.58,80,57,8.08,broken clouds
399,Tautira,PF,2022-04-02 20:45:22,-17.7333,-149.15,82.02,78,100,11.59,overcast clouds
400,Praia,CV,2022-04-02 20:45:22,14.9215,-23.5087,70.34,73,20,19.57,few clouds
401,Sao Gabriel Da Cachoeira,BR,2022-04-02 20:45:23,-0.1303,-67.0892,75.61,97,96,3.83,overcast clouds
402,Teya,RU,2022-04-02 20:45:23,60.3778,92.6267,-0.17,100,84,3.96,broken clouds
403,Sao Miguel Do Araguaia,BR,2022-04-02 20:45:23,-13.275,-50.1628,81.16,74,28,4.27,scattered clouds
404,Aitape,PG,2022-04-02 20:45:24,-3.1374,142.3475,77.99,84,100,2.93,moderate rain
405,Katsuyama,JP,2022-04-02 20:45:24,36.0617,136.501,34.16,88,40,3.98,scattered clouds
406,Samarai,PG,2022-04-02 20:45:25,-10.6167,150.6667,81.23,74,100,9.86,overcast clouds
407,Port Said,EG,2022-04-02 20:45:25,31.2565,32.2841,64.38,88,0,5.75,clear sky
408,Media Luna,CU,2022-04-02 20:45:25,20.1419,-77.435,83.14,66,22,8.41,few clouds
409,Bae,ID,2022-04-02 20:45:26,-6.7681,110.8617,75.65,90,100,0.87,overcast clouds
410,Washougal,US,2022-04-02 20:45:26,45.5826,-122.3534,59.41,59,75,4.61,broken clouds
411,Bengkulu,ID,2022-04-02 20:46:26,-3.8004,102.2655,75.33,81,94,5.19,overcast clouds
412,Severo-Yeniseyskiy,RU,2022-04-02 20:46:27,60.3725,93.0408,1.15,99,91,4.27,overcast clouds
413,Ziro,IN,2022-04-02 20:46:27,27.6333,93.8333,49.89,96,39,0.2,scattered clouds
414,Daokou,CN,2022-04-02 20:46:27,35.5639,114.5058,42.57,48,0,5.7,clear sky
415,Deputatskiy,RU,2022-04-02 20:46:27,69.3,139.9,-18.94,100,100,2.15,overcast clouds
416,Kenai,US,2022-04-02 20:46:28,60.5544,-151.2583,42.89,65,0,8.05,clear sky
417,Bethanien,NA,2022-04-02 20:46:28,-26.502,17.1583,68.25,26,0,2.93,clear sky
418,Namatanai,PG,2022-04-02 20:46:28,-3.6667,152.4333,77.47,89,100,7.72,light rain
419,Oroville,US,2022-04-02 20:46:29,39.5138,-121.5564,79.16,28,0,9.22,clear sky
420,Hofn,IS,2022-04-02 20:46:29,64.2539,-15.2082,43.63,71,100,3.69,light rain
421,Tabuk,PH,2022-04-02 20:46:29,17.4189,121.4443,71.62,95,99,8.28,overcast clouds
422,Fukue,JP,2022-04-02 20:46:30,32.6881,128.8419,53.15,59,100,17.31,overcast clouds
423,Camocim,BR,2022-04-02 20:46:30,-2.9022,-40.8411,77.85,89,92,8.05,overcast clouds
424,Atar,MR,2022-04-02 20:46:30,20.5169,-13.0499,79.97,13,1,6.69,clear sky
425,Hattiesburg,US,2022-04-02 20:46:31,31.3271,-89.2903,79.12,32,0,9.22,clear sky
426,Kulhudhuffushi,MV,2022-04-02 20:46:31,6.6221,73.07,82.26,73,3,2.35,clear sky
427,San Ramon,US,2022-04-02 20:46:31,37.7799,-121.978,77.76,36,0,12.66,clear sky
428,Liozon,PH,2022-04-02 20:46:32,15.3993,119.933,78.21,75,89,4.14,overcast clouds
429,Boa Vista,BR,2022-04-02 20:41:37,2.8197,-60.6733,93.18,38,75,10.36,broken clouds
430,Altay,CN,2022-04-02 20:46:32,47.8667,88.1167,33.31,54,34,8.86,scattered clouds
431,Ixtapa,MX,2022-04-02 20:46:32,20.7,-105.2,87.98,38,7,9.82,clear sky
432,Arlit,NE,2022-04-02 20:46:33,18.7369,7.3853,90.68,3,100,9.35,overcast clouds
433,Urubamba,PE,2022-04-02 20:46:33,-13.3047,-72.1158,67.1,80,97,6.87,overcast clouds
434,Darhan,MN,2022-04-02 20:46:33,49.4867,105.9228,37.99,31,3,6.64,clear sky
435,Matara,LK,2022-04-02 20:46:33,5.9485,80.5353,75.78,89,19,2.95,few clouds
436,Ahipara,NZ,2022-04-02 20:46:34,-35.1667,173.1667,67.86,75,100,2.66,overcast clouds
437,Aykhal,RU,2022-04-02 20:46:34,66.0,111.5,7.43,96,100,8.61,overcast clouds
438,Atambua,ID,2022-04-02 20:46:35,-9.1061,124.8925,70.0,78,20,2.66,few clouds
439,Bambanglipuro,ID,2022-04-02 20:46:35,-7.95,110.2833,75.97,87,79,1.88,broken clouds
440,Vostok,RU,2022-04-02 20:46:13,46.4856,135.8833,20.21,85,13,6.93,few clouds
441,Tual,ID,2022-04-02 20:46:35,-5.6667,132.75,81.9,64,96,3.91,overcast clouds
442,Sao Bernardo,BR,2022-04-02 20:46:36,-3.3614,-42.4178,76.12,95,98,3.78,moderate rain
443,Akdepe,TM,2022-04-02 20:46:36,42.0551,59.3788,60.89,23,100,11.36,overcast clouds
444,Rio Pardo,BR,2022-04-02 20:46:36,-29.9897,-52.3781,70.63,67,2,7.09,clear sky
445,Serramanna,IT,2022-04-02 20:46:36,39.4244,8.9244,48.61,61,75,17.27,broken clouds
446,Togur,RU,2022-04-02 20:46:37,58.3631,82.8265,3.31,100,100,3.33,overcast clouds
447,Laem Sing,TH,2022-04-02 20:46:37,12.4816,102.0738,67.1,83,100,14.29,overcast clouds
448,Anadyr,RU,2022-04-02 20:46:37,64.75,177.4833,16.3,86,40,0.0,light shower snow
449,Benguela,AO,2022-04-02 20:46:38,-12.5763,13.4055,76.96,82,100,2.86,overcast clouds
450,Zaranj,AF,2022-04-02 20:46:38,30.9667,61.8833,66.16,15,0,8.61,clear sky
451,Zhanaozen,KZ,2022-04-02 20:46:38,43.3,52.8,61.41,32,0,16.26,clear sky
452,Bandundu,CD,2022-04-02 20:46:39,-3.3167,17.3667,71.26,95,96,2.84,overcast clouds
453,Chimore,BO,2022-04-02 20:46:39,-16.9833,-65.1333,79.29,59,10,2.55,clear sky
454,Isla Vista,US,2022-04-02 20:46:39,34.4133,-119.861,74.25,81,100,10.36,haze
455,Recke,DE,2022-04-02 20:46:39,52.3833,7.7167,37.06,74,96,7.05,overcast clouds
456,Turbat,PK,2022-04-02 20:46:40,26.0023,63.044,82.15,19,67,4.65,broken clouds
457,Lucea,JM,2022-04-02 20:47:40,18.451,-78.1736,80.46,76,95,4.07,overcast clouds
458,Moree,AU,2022-04-02 20:47:40,-29.4667,149.85,55.42,82,93,6.91,overcast clouds
459,Abu Zabad,SD,2022-04-02 20:47:40,12.35,29.25,83.12,13,13,8.88,few clouds
460,Camana,PE,2022-04-02 20:47:41,-16.6228,-72.7111,71.2,77,39,7.34,scattered clouds
461,Skibbereen,IE,2022-04-02 20:47:41,51.55,-9.2667,44.11,86,31,7.36,scattered clouds
462,Samarina,RU,2022-04-02 20:47:41,57.8878,27.8054,28.29,85,51,9.13,broken clouds
463,Lata,PT,2022-04-02 20:47:42,40.1629,-8.3327,43.43,59,52,3.04,broken clouds
464,Pandan,PH,2022-04-02 20:47:42,14.0453,124.1694,79.74,66,87,11.41,overcast clouds
465,Katsuura,JP,2022-04-02 20:47:42,35.1333,140.3,52.47,70,100,9.62,light rain
466,Taiyuan,CN,2022-04-02 20:47:43,37.8694,112.5603,31.86,40,0,2.24,clear sky
467,Krasnyye Chetai,RU,2022-04-02 20:47:43,55.6887,46.1386,37.35,100,100,10.47,overcast clouds
468,Whitianga,NZ,2022-04-02 20:47:43,-36.8333,175.7,66.4,83,100,2.21,overcast clouds
469,Iquique,CL,2022-04-02 20:44:37,-20.2208,-70.1431,71.64,66,8,6.02,clear sky
470,Selma,US,2022-04-02 20:47:44,36.5708,-119.6121,79.21,42,65,6.91,broken clouds
471,Ibra,OM,2022-04-02 20:47:44,22.6906,58.5334,75.72,32,20,1.81,few clouds
472,Fortuna,US,2022-04-02 20:47:44,40.5982,-124.1573,61.86,59,0,16.11,clear sky
473,Macusani,PE,2022-04-02 20:47:44,-14.0833,-70.4333,44.2,76,79,9.57,broken clouds
474,San Policarpo,PH,2022-04-02 20:47:45,12.1791,125.5072,79.75,78,51,13.06,broken clouds
475,Haines Junction,CA,2022-04-02 20:47:45,60.7522,-137.5108,39.15,41,97,6.91,overcast clouds
476,Belaya Gora,RU,2022-04-02 20:47:45,68.5333,146.4167,-4.59,97,100,2.68,overcast clouds
477,Aquiraz,BR,2022-04-02 20:44:36,-3.9014,-38.3911,82.49,84,92,6.71,overcast clouds
478,Rio Grande,BR,2022-04-02 20:46:39,-32.035,-52.0986,75.31,66,56,15.37,broken clouds
479,Tura,IN,2022-04-02 20:47:46,25.5198,90.2201,69.13,91,19,2.98,few clouds
480,Puerto Del Rosario,ES,2022-04-02 20:47:46,28.5004,-13.8627,65.95,59,20,5.75,few clouds
481,Lewistown,US,2022-04-02 20:47:46,40.5992,-77.5714,56.16,67,0,3.44,clear sky
482,Dunedin,NZ,2022-04-02 20:47:40,-45.8742,170.5036,55.2,77,23,5.14,few clouds
483,Kalayaan,PH,2022-04-02 20:47:47,14.35,121.5667,71.87,80,37,9.26,scattered clouds
484,Grand Island,US,2022-04-02 20:47:47,40.925,-98.342,62.89,25,0,9.22,clear sky
485,Turayf,SA,2022-04-02 20:47:47,31.6725,38.6637,75.45,16,0,4.61,clear sky
486,Sakakah,SA,2022-04-02 20:47:47,29.9697,40.2064,81.97,15,100,5.93,overcast clouds
487,Pita,GN,2022-04-02 20:47:48,10.8333,-12.5833,82.53,35,100,3.76,overcast clouds
488,Manaus,BR,2022-04-02 20:45:00,-3.1019,-60.025,77.5,100,75,8.05,thunderstorm with light rain
489,Mugumu,TZ,2022-04-02 20:47:48,-1.85,34.7,59.09,93,86,3.76,overcast clouds
490,Kloulklubed,PW,2022-04-02 20:47:48,7.0419,134.2556,75.7,72,83,4.23,broken clouds
491,Paamiut,GL,2022-04-02 20:47:49,61.994,-49.6678,32.56,94,56,3.56,broken clouds
492,Pipri,IN,2022-04-02 20:47:49,19.8,75.5333,85.19,16,100,11.34,overcast clouds
493,Pacific Grove,US,2022-04-02 20:47:10,36.6177,-121.9166,71.38,76,0,10.0,clear sky
494,Tommot,RU,2022-04-02 20:47:49,58.9564,126.2925,4.32,98,100,0.85,overcast clouds
495,Katherine,AU,2022-04-02 20:47:50,-14.4667,132.2667,64.72,72,45,3.44,scattered clouds
496,Abu Dhabi,AE,2022-04-02 20:46:47,24.4667,54.3667,75.31,73,0,0.0,clear sky
497,Wilhelmshaven,DE,2022-04-02 20:43:08,53.5167,8.1333,37.99,59,83,7.65,broken clouds
498,Khani,GE,2022-04-02 20:47:50,41.9563,42.9566,58.57,82,23,8.52,few clouds
499,Khandyga,RU,2022-04-02 20:47:50,62.6667,135.6,-5.8,93,67,3.44,broken clouds
500,Chopda,IN,2022-04-02 20:47:40,21.25,75.3,85.91,19,100,8.55,overcast clouds
501,Alice Springs,AU,2022-04-02 20:45:29,-23.7,133.8833,56.75,51,72,5.75,broken clouds
502,Tezu,IN,2022-04-02 20:47:51,27.9167,96.1667,69.03,86,94,3.36,overcast clouds
503,Aswan,EG,2022-04-02 20:47:51,24.0934,32.907,88.9,11,0,6.91,clear sky
504,Willowmore,ZA,2022-04-02 20:47:51,-33.2926,23.4895,56.79,78,100,11.41,overcast clouds
505,Vredendal,ZA,2022-04-02 20:48:51,-31.6683,18.5012,69.69,51,0,5.84,clear sky
506,Alibag,IN,2022-04-02 20:48:52,18.6411,72.8792,80.67,72,100,1.52,overcast clouds
507,Los Llanos De Aridane,ES,2022-04-02 20:45:39,28.6585,-17.9182,62.35,92,100,4.0,overcast clouds
508,Cururupu,BR,2022-04-02 20:48:52,-1.8283,-44.8683,77.34,89,56,4.32,broken clouds
509,Harboore,DK,2022-04-02 20:48:52,56.6175,8.1807,35.1,74,43,16.78,scattered clouds
510,Razdolinsk,RU,2022-04-02 20:48:52,58.4211,94.6658,0.03,98,36,3.71,scattered clouds
511,Mahibadhoo,MV,2022-04-02 20:48:53,3.7833,72.9667,82.44,70,18,2.8,few clouds
512,Hamilton,US,2022-04-02 20:48:37,39.1834,-84.5333,52.25,52,100,8.05,overcast clouds
513,San Patricio,US,2022-04-02 20:48:53,28.017,-97.5169,91.49,37,0,8.41,clear sky
514,Diffa,NE,2022-04-02 20:48:53,13.3154,12.6113,86.34,8,8,5.41,clear sky
515,Buin,CL,2022-04-02 20:48:54,-33.7333,-70.75,79.12,19,4,9.04,clear sky
516,Auki,SB,2022-04-02 20:48:54,-8.7676,160.7034,77.99,85,99,4.83,overcast clouds
517,Sosnogorsk,RU,2022-04-02 20:48:54,63.6023,53.8817,3.69,98,25,2.26,scattered clouds
518,Riviere-Au-Renard,CA,2022-04-02 20:48:55,48.9957,-64.3971,35.89,84,100,30.51,overcast clouds
519,Kadyy,RU,2022-04-02 20:48:55,57.787,43.1903,30.54,96,100,11.43,light snow
520,Nalut,LY,2022-04-02 20:48:55,30.3333,10.85,69.01,19,33,12.1,scattered clouds
521,Ville-Marie,CA,2022-04-02 20:48:56,47.3335,-79.433,35.22,85,100,6.58,overcast clouds
522,Torbay,CA,2022-04-02 20:45:25,47.6666,-52.7314,39.38,91,100,24.16,light intensity drizzle
523,Kefar Shemaryahu,IL,2022-04-02 20:48:56,32.1856,34.8219,67.91,69,100,3.02,overcast clouds
524,Coron,PH,2022-04-02 20:48:56,11.9986,120.2043,75.63,79,69,1.66,broken clouds
525,Sovetsk,RU,2022-04-02 20:48:56,55.0839,21.8785,28.53,59,32,10.18,scattered clouds
526,Trinidad,BO,2022-04-02 20:44:08,-14.8333,-64.9,82.38,51,6,0.0,clear sky
527,Flin Flon,CA,2022-04-02 20:48:57,54.7682,-101.865,28.24,59,40,5.75,scattered clouds
528,Tuy Hoa,VN,2022-04-02 20:48:57,13.0833,109.3,72.39,83,100,18.9,overcast clouds
529,Ilhabela,BR,2022-04-02 20:47:33,-23.7781,-45.3581,73.94,91,100,9.28,overcast clouds
530,Pouebo,NC,2022-04-02 20:48:57,-20.4,164.5667,80.85,85,100,12.8,overcast clouds
531,Kang,BW,2022-04-02 20:48:58,-23.6752,22.7876,69.82,68,19,7.4,few clouds
532,Syamzha,RU,2022-04-02 20:48:58,60.0158,41.0614,22.05,92,100,7.74,overcast clouds
533,Seminole,US,2022-04-02 20:48:58,28.7086,-81.2081,68.02,92,100,18.41,heavy intensity rain
534,Wuxue,CN,2022-04-02 20:48:58,29.8506,115.5525,51.46,77,0,0.72,clear sky
535,Grand-Santi,GF,2022-04-02 20:48:59,4.25,-54.3833,75.79,97,94,4.47,heavy intensity rain
536,Ayagoz,KZ,2022-04-02 20:48:59,47.9714,80.4392,32.29,82,93,4.81,overcast clouds
537,Rio Bananal,BR,2022-04-02 20:48:59,-19.265,-40.3333,78.35,73,52,7.09,broken clouds
538,Zhob,PK,2022-04-02 20:49:00,31.3411,69.4481,64.06,14,0,6.89,clear sky
539,Soloneshnoye,RU,2022-04-02 20:49:00,51.6544,84.3197,38.8,91,100,5.21,overcast clouds
540,Sumbe,AO,2022-04-02 20:49:00,-11.2061,13.8437,77.88,85,100,5.95,overcast clouds
541,Nemuro,JP,2022-04-02 20:49:01,43.3236,145.575,34.03,78,3,13.98,clear sky
542,Nuevitas,CU,2022-04-02 20:49:01,21.5453,-77.2644,82.58,65,6,13.6,clear sky
543,Bridlington,GB,2022-04-02 20:49:01,54.0831,-0.1919,38.89,84,10,4.0,clear sky
544,Northam,GB,2022-04-02 20:49:01,51.0333,-4.2167,40.39,76,19,4.38,few clouds
545,Olafsvik,IS,2022-04-02 20:49:02,64.8945,-23.7142,42.06,96,100,17.58,moderate rain
546,Hirara,JP,2022-04-02 20:49:02,24.8,125.2833,65.66,87,100,29.71,light rain
547,Asosa,ET,2022-04-02 20:49:03,10.0667,34.5333,76.28,19,61,1.63,broken clouds
548,Anamur,TR,2022-04-02 20:49:03,36.0751,32.8369,64.24,49,0,7.78,clear sky
549,Davila,PH,2022-04-02 20:49:03,18.4726,120.5763,77.0,82,100,23.71,overcast clouds
550,Dingle,PH,2022-04-02 20:49:03,10.9995,122.6711,74.71,87,87,7.29,overcast clouds
551,Tiarei,PF,2022-04-02 20:49:04,-17.5333,-149.3333,86.02,77,100,10.87,overcast clouds
552,Margate,GB,2022-04-02 20:49:01,51.3813,1.3862,40.69,59,7,5.99,clear sky
553,Yerbogachen,RU,2022-04-02 20:50:04,61.2767,108.0108,8.53,96,97,7.2,light snow
554,Clarksdale,US,2022-04-02 20:48:29,34.2001,-90.5709,68.92,42,40,3.44,scattered clouds
555,Phan Thiet,VN,2022-04-02 20:45:54,10.9333,108.1,76.3,84,85,2.66,overcast clouds
556,Fernley,US,2022-04-02 20:50:04,39.608,-119.2518,66.7,21,36,10.0,scattered clouds
557,Dawei,MM,2022-04-02 20:50:05,14.0833,98.2,72.63,68,94,10.16,overcast clouds
558,Chifeng,CN,2022-04-02 20:50:05,42.2683,118.9636,39.99,32,37,6.78,scattered clouds
559,Puro,PH,2022-04-02 20:50:06,12.4841,123.3827,79.38,72,100,14.25,overcast clouds
560,Saint-Pierre,RE,2022-04-02 20:50:06,-21.3393,55.4781,76.68,87,75,8.05,broken clouds
561,Jamsa,FI,2022-04-02 20:50:07,61.8642,25.19,29.12,86,80,9.26,broken clouds
562,Aktas,KZ,2022-04-02 20:50:07,49.7789,72.9608,35.35,87,19,3.62,few clouds
563,Ngunguru,NZ,2022-04-02 20:50:07,-35.6167,174.5,66.18,75,99,0.81,overcast clouds
564,Madaoua,NE,2022-04-02 20:50:08,14.073,5.96,88.77,4,100,6.53,overcast clouds
565,Torit,SS,2022-04-02 20:50:08,4.4133,32.5678,80.51,49,17,2.17,few clouds
566,Palimbang,PH,2022-04-02 20:50:08,6.2106,124.1894,76.01,93,100,3.33,light rain
567,Petropavlovsk-Kamchatskiy,RU,2022-04-02 20:50:09,53.0452,158.6483,27.19,46,75,13.42,broken clouds
568,Puerto Narino,CO,2022-04-02 20:50:09,-3.7703,-70.3831,69.94,98,100,2.44,overcast clouds
569,Changji,CN,2022-04-02 20:48:05,44.0167,87.3167,52.59,40,0,6.71,clear sky
570,Am Timan,TD,2022-04-02 20:50:10,11.0297,20.2827,90.61,12,47,2.82,scattered clouds
571,Hovd,MN,2022-04-02 20:50:10,48.0056,91.6419,35.29,28,85,7.67,overcast clouds
572,Iwanai,JP,2022-04-02 20:50:11,42.9744,140.5089,37.76,80,77,9.71,broken clouds
573,Aden,YE,2022-04-02 20:46:34,12.7794,45.0367,81.18,67,2,11.36,clear sky
574,Fairbanks,US,2022-04-02 20:50:11,64.8378,-147.7164,20.25,58,100,4.61,overcast clouds
575,Sabang,ID,2022-04-02 20:50:12,5.8933,95.3214,81.09,75,100,4.68,light rain
576,Gorin,RU,2022-04-02 20:50:12,51.1983,136.6669,21.79,96,66,4.41,broken clouds
577,Puerto Colombia,CO,2022-04-02 20:50:13,10.9878,-74.9547,82.49,80,42,21.12,scattered clouds
578,Baiquan,CN,2022-04-02 20:50:13,47.5833,126.0833,37.69,57,0,9.08,clear sky
579,Malpe,IN,2022-04-02 20:50:13,13.35,74.7167,81.7,84,87,1.9,overcast clouds
580,Smithers,CA,2022-04-02 20:50:14,54.7804,-127.1743,43.12,49,75,10.36,broken clouds
581,Vilhena,BR,2022-04-02 20:50:14,-12.7406,-60.1458,80.82,74,75,9.22,broken clouds
582,Suifenhe,CN,2022-04-02 20:50:14,44.4,131.1667,30.72,51,84,4.72,broken clouds
583,Bonthe,SL,2022-04-02 20:50:15,7.5264,-12.505,76.98,88,99,12.17,overcast clouds
584,Yar-Sale,RU,2022-04-02 20:50:15,66.8333,70.8333,-0.96,95,15,8.23,few clouds
585,Saint-Augustin,CA,2022-04-02 20:48:47,51.226,-58.6502,32.22,98,100,12.26,snow
586,Leh,IN,2022-04-02 20:50:16,34.1667,77.5833,25.16,70,2,3.15,clear sky
587,Nantucket,US,2022-04-02 20:50:16,41.2835,-70.0995,55.51,42,0,16.11,clear sky
588,Vitim,RU,2022-04-02 20:50:17,59.4511,112.5578,16.12,95,100,4.03,overcast clouds
589,Poienile De Sub Munte,RO,2022-04-02 20:50:17,47.8167,24.4333,37.72,99,100,3.29,overcast clouds
590,Lumberton,US,2022-04-02 20:46:50,34.6182,-79.0086,70.83,38,41,6.82,scattered clouds
591,Inhambane,MZ,2022-04-02 20:49:59,-23.865,35.3833,76.46,78,3,8.41,clear sky
592,Yinchuan,CN,2022-04-02 20:50:17,38.4681,106.2731,44.53,22,0,5.91,clear sky
593,Juybar,IR,2022-04-02 20:50:18,36.6412,52.9124,60.89,50,0,4.05,clear sky
594,Batagay-Alyta,RU,2022-04-02 20:50:18,67.8006,130.4114,-8.07,96,92,5.12,overcast clouds
595,Zhigalovo,RU,2022-04-02 20:50:18,54.8097,105.1578,29.8,83,100,12.48,overcast clouds
596,Shipunovo,RU,2022-04-02 20:50:19,52.1582,82.2173,34.7,91,98,9.1,overcast clouds
597,Fairlie,GB,2022-04-02 20:51:19,55.756,-4.8556,42.4,77,49,6.89,scattered clouds
598,Damaturu,NG,2022-04-02 20:51:20,11.747,11.9608,87.21,7,100,9.6,overcast clouds
599,Ginir,ET,2022-04-02 20:51:20,7.1333,40.7,60.69,66,100,4.74,overcast clouds
600,George,ZA,2022-04-02 20:51:20,-33.963,22.4617,58.55,94,100,6.91,overcast clouds
601,Palana,RU,2022-04-02 20:51:21,59.1167,159.9667,15.73,92,100,3.15,overcast clouds
602,College,US,2022-04-02 20:51:21,64.8569,-147.8028,20.23,57,100,4.61,overcast clouds
603,Biak,ID,2022-04-02 20:51:21,-0.9131,122.8766,76.19,85,100,2.42,overcast clouds
604,Bintulu,MY,2022-04-02 20:51:22,3.1667,113.0333,77.41,94,40,5.99,scattered clouds
605,Synya,RU,2022-04-02 20:51:22,65.3718,58.0387,4.17,97,45,4.14,scattered clouds
606,San Francisco,US,2022-04-02 20:48:39,37.7749,-122.4194,79.32,53,40,8.99,scattered clouds
607,Aanekoski,FI,2022-04-02 20:51:22,62.6946,25.818,30.85,54,92,7.94,overcast clouds
608,Megion,RU,2022-04-02 20:51:23,61.0296,76.1136,19.42,97,94,3.91,overcast clouds
609,Mayumba,GA,2022-04-02 20:51:23,-3.432,10.6554,77.65,90,100,7.23,overcast clouds
610,Qaqortoq,GL,2022-04-02 20:51:23,60.7167,-46.0333,37.22,94,100,3.22,overcast clouds
611,Hami,CN,2022-04-02 20:48:03,42.8,93.45,51.82,18,64,6.69,broken clouds
612,Nayoro,JP,2022-04-02 20:51:24,44.3506,142.4578,35.04,85,69,10.96,broken clouds
613,Dillon,US,2022-04-02 20:51:24,34.4166,-79.3712,71.15,41,56,7.18,broken clouds
614,Neuquen,AR,2022-04-02 20:51:24,-38.9516,-68.0591,82.29,23,0,9.22,clear sky
615,Ayr,GB,2022-04-02 20:51:25,55.4627,-4.6339,39.18,75,20,1.14,few clouds
616,Dandong,CN,2022-04-02 20:51:25,40.1292,124.3947,38.48,64,0,2.57,clear sky
617,Douglas,US,2022-04-02 20:47:57,41.3,-96.167,60.66,37,40,11.5,scattered clouds
618,Beringovskiy,RU,2022-04-02 20:51:25,63.05,179.3167,3.7,95,92,12.93,overcast clouds
619,Grand Gaube,MU,2022-04-02 20:51:26,-20.0064,57.6608,75.6,90,100,5.99,overcast clouds
620,Nizhniy Kuranakh,RU,2022-04-02 20:51:26,58.8353,125.4869,6.04,97,100,1.99,overcast clouds
621,Kungurtug,RU,2022-04-02 20:51:26,50.5994,97.5228,16.74,87,37,2.13,scattered clouds
622,Cairns,AU,2022-04-02 20:51:27,-16.9167,145.7667,73.35,94,71,4.61,broken clouds
623,Tromso,NO,2022-04-02 20:51:27,69.6496,18.957,28.42,93,75,4.61,broken clouds
624,Puerto Madryn,AR,2022-04-02 20:51:27,-42.7692,-65.0385,80.76,23,22,22.93,few clouds
625,General Higinio Morinigo,PY,2022-04-02 20:51:27,-25.95,-55.9167,71.92,75,82,4.12,broken clouds
626,Jawhar,SO,2022-04-02 20:51:28,2.7809,45.5005,80.11,77,78,11.61,broken clouds
627,Ishurdi,BD,2022-04-02 20:51:28,24.1333,89.0833,79.41,81,12,6.55,few clouds
628,Chara,RU,2022-04-02 20:51:28,56.9064,118.2631,23.85,93,100,1.63,light snow
629,Gamba,GA,2022-04-02 20:51:29,-2.65,10.0,76.6,91,87,6.35,overcast clouds
630,Bertoua,CM,2022-04-02 20:51:29,4.5833,13.6833,75.51,56,97,4.14,overcast clouds
631,Prieska,ZA,2022-04-02 20:51:29,-29.6641,22.7474,67.41,71,28,3.51,scattered clouds
632,Walvis Bay,NA,2022-04-02 20:51:30,-22.9575,14.5053,58.15,88,0,3.44,clear sky
633,Carauari,BR,2022-04-02 20:51:30,-4.8828,-66.8958,68.85,100,100,1.99,overcast clouds
634,Madang,PG,2022-04-02 20:51:30,-5.2246,145.7966,75.31,91,100,1.16,light rain
635,Ust-Tsilma,RU,2022-04-02 20:51:30,65.441,52.1498,2.77,98,65,3.22,broken clouds
636,Gorele,TR,2022-04-02 20:51:31,41.0308,39.0031,56.46,58,100,4.36,overcast clouds
637,Tapes,BR,2022-04-02 20:51:31,-30.6733,-51.3958,70.11,76,26,14.29,scattered clouds
638,Jiaonan,CN,2022-04-02 20:51:31,35.8786,119.9753,44.01,68,1,4.7,clear sky
639,Sinnamary,GF,2022-04-02 20:51:32,5.3833,-52.95,78.46,86,87,14.05,light rain
640,Padilla,CO,2022-04-02 20:51:32,3.2204,-76.3139,87.37,65,49,1.01,scattered clouds
641,Dasoguz,TM,2022-04-02 20:51:32,41.8363,59.9666,60.75,41,0,11.5,clear sky
642,Chester,US,2022-04-02 20:52:33,40.1254,-75.8749,54.32,47,0,5.75,clear sky
643,Monrovia,LR,2022-04-02 20:50:30,6.3005,-10.7969,78.57,85,100,7.58,overcast clouds
644,Jinchang,CN,2022-04-02 20:52:33,38.4953,102.1739,42.46,24,0,2.86,clear sky
645,Iki-Burul,RU,2022-04-02 20:52:33,45.8208,44.6472,57.9,63,46,8.61,scattered clouds
646,Kano,NG,2022-04-02 20:52:34,12.0001,8.5167,84.09,23,0,0.0,clear sky
647,Salalah,OM,2022-04-02 20:52:34,17.0151,54.0924,78.15,53,71,3.2,broken clouds
648,Manicore,BR,2022-04-02 20:52:34,-5.8092,-61.3003,72.57,99,100,3.22,overcast clouds
649,Buraydah,SA,2022-04-02 20:52:35,26.326,43.975,77.45,11,16,9.06,few clouds
650,Asnaes,DK,2022-04-02 20:52:35,55.8123,11.5013,33.06,68,0,3.0,clear sky
651,Dubbo,AU,2022-04-02 20:52:35,-32.25,148.6167,44.73,100,36,8.05,scattered clouds
652,San Juan,AR,2022-04-02 20:49:08,-31.5375,-68.5364,79.52,13,0,4.68,clear sky
653,Marawi,PH,2022-04-02 20:52:36,7.9986,124.2928,68.86,95,100,1.39,overcast clouds
654,Along,IN,2022-04-02 20:52:36,28.1667,94.7667,67.39,96,91,1.7,overcast clouds
655,Beloha,MG,2022-04-02 20:52:36,-25.1667,45.05,71.2,66,0,3.58,clear sky
656,Horadiz,AZ,2022-04-02 20:52:37,39.4488,47.3353,63.5,49,40,4.03,scattered clouds
657,Sarab,IR,2022-04-02 20:52:37,38.6066,44.9883,57.76,35,5,0.85,clear sky
658,Qianan,CN,2022-04-02 20:52:37,44.9932,124.0581,41.92,32,100,14.18,overcast clouds
659,Vila Franca Do Campo,PT,2022-04-02 20:52:38,37.7167,-25.4333,59.41,80,23,5.03,few clouds
660,Mastic Beach,US,2022-04-02 20:52:38,40.7668,-72.8521,55.17,46,0,10.0,clear sky
661,Laurel,US,2022-04-02 20:51:18,39.0993,-76.8483,61.25,35,0,4.61,clear sky
662,Valparaiso,CL,2022-04-02 20:52:09,-33.0393,-71.6273,60.44,83,100,10.36,mist
663,Xinyang,CN,2022-04-02 20:52:38,32.1228,114.0656,48.51,65,0,1.45,clear sky
664,Streletskoye,RU,2022-04-02 20:52:39,50.6371,36.4729,43.61,93,75,15.66,broken clouds
665,Bubaque,GW,2022-04-02 20:52:39,11.2833,-15.8333,75.31,69,98,19.37,overcast clouds
666,Kaeo,NZ,2022-04-02 20:52:39,-35.1,173.7833,64.33,97,100,2.1,overcast clouds
667,Piacabucu,BR,2022-04-02 20:52:39,-10.4056,-36.4344,78.31,81,22,8.32,few clouds
668,Christchurch,NZ,2022-04-02 20:49:02,-43.5333,172.6333,59.95,87,100,5.75,overcast clouds
669,Bukachacha,RU,2022-04-02 20:52:40,52.9833,116.9167,27.73,91,100,3.69,overcast clouds
670,Bartica,GY,2022-04-02 20:52:40,6.4,-58.6167,75.52,95,85,5.86,heavy intensity rain
671,Fort-Shevchenko,KZ,2022-04-02 20:52:41,44.5086,50.263,53.74,55,35,23.15,scattered clouds
672,Saraj,MK,2022-04-02 20:52:41,42.0,21.3278,49.55,61,18,6.78,few clouds
673,Ostersund,SE,2022-04-02 20:52:41,63.1792,14.6357,28.62,86,75,12.66,broken clouds
674,Mersing,MY,2022-04-02 20:52:42,2.4312,103.8405,73.31,94,86,3.44,light rain
675,Mongoumba,CF,2022-04-02 20:52:42,3.6415,18.5936,79.39,62,96,6.38,overcast clouds
676,Pokhara,NP,2022-04-02 20:52:42,28.2333,83.9833,68.29,73,78,4.41,broken clouds
677,Minbu,MM,2022-04-02 20:52:42,20.1833,94.8833,82.74,62,18,6.78,few clouds
678,Khon Kaen,TH,2022-04-02 20:52:43,16.5,102.0833,64.13,81,95,3.27,overcast clouds
679,Inta,RU,2022-04-02 20:52:43,66.0317,60.1659,7.9,94,90,7.16,overcast clouds
680,Gunnedah,AU,2022-04-02 20:52:43,-30.9833,150.25,57.45,61,14,1.63,few clouds
681,Prince Rupert,CA,2022-04-02 20:52:44,54.3161,-130.3201,42.89,75,100,40.29,light rain
682,Anakapalle,IN,2022-04-02 20:52:44,17.6833,83.0167,82.35,82,40,6.91,scattered clouds
